{
  "flutter": {
    "platforms": {
      "android": {
        "default": {
          "projectId": "clotheslinemobile",
          "appId": "1:19841551899:android:18d2224837bef05d8e72be",
          "fileOutput": "android/app/google-services.json"
        }
      },
      "dart": {
        "lib/firebase_options.dart": {
          "projectId": "clotheslinemobile",
          "configurations": {
            "android": "1:19841551899:android:18d2224837bef05d8e72be",
            "ios": "1:19841551899:ios:456b806b47fa057c8e72be",
            "macos": "1:19841551899:ios:456b806b47fa057c8e72be",
            "web": "1:19841551899:web:75f971d4343fa09f8e72be",
            "windows": "1:19841551899:web:d0597c1bc3544cd88e72be"
          }
        }
      }
    }
  },
  "firestore": {
    "rules": "firestore.rules",
    "indexes": "firestore.indexes.json"
  },
  "functions": {
    "source": "functions"
  }
}
