{
  "project_info": {
    "project_number": "19841551899",
    "firebase_url": "https://clotheslinemobile-default-rtdb.firebaseio.com",
    "project_id": "clotheslinemobile",
    "storage_bucket": "clotheslinemobile.firebasestorage.app"
  },
  "client": [
    {
      "client_info": {
        "mobilesdk_app_id": "1:19841551899:android:f8de411f987a84f98e72be",
        "android_client_info": {
          "package_name": "com.example.clothesline_app"
        }
      },
      "oauth_client": [
        {
          "client_id": "19841551899-dhaml7ci4h9nkhu5avv3jdjou7jfp3kd.apps.googleusercontent.com",
          "client_type": 1,
          "android_info": {
            "package_name": "com.example.clothesline_app",
            "certificate_hash": "691c75459e64b1d59a230fb99d9dda63450c58b9"
          }
        },
        {
          "client_id": "19841551899-4j8l95t0t75m1j1oov0c6n5t2bmhqhfb.apps.googleusercontent.com",
          "client_type": 3
        }
      ],
      "api_key": [
        {
          "current_key": "AIzaSyBrClIl4zLg-Kc91wDf5l_Whdbv5XEUmNs"
        }
      ],
      "services": {
        "appinvite_service": {
          "other_platform_oauth_client": [
            {
              "client_id": "19841551899-4j8l95t0t75m1j1oov0c6n5t2bmhqhfb.apps.googleusercontent.com",
              "client_type": 3
            },
            {
              "client_id": "19841551899-ia8rcjs194frn2h0ipdc5bkj3d080ii4.apps.googleusercontent.com",
              "client_type": 2,
              "ios_info": {
                "bundle_id": "com.example.tester"
              }
            }
          ]
        }
      }
    },
    {
      "client_info": {
        "mobilesdk_app_id": "1:19841551899:android:18d2224837bef05d8e72be",
        "android_client_info": {
          "package_name": "com.example.mobile_app"
        }
      },
      "oauth_client": [
        {
          "client_id": "19841551899-4j8l95t0t75m1j1oov0c6n5t2bmhqhfb.apps.googleusercontent.com",
          "client_type": 3
        }
      ],
      "api_key": [
        {
          "current_key": "AIzaSyBrClIl4zLg-Kc91wDf5l_Whdbv5XEUmNs"
        }
      ],
      "services": {
        "appinvite_service": {
          "other_platform_oauth_client": [
            {
              "client_id": "19841551899-4j8l95t0t75m1j1oov0c6n5t2bmhqhfb.apps.googleusercontent.com",
              "client_type": 3
            },
            {
              "client_id": "19841551899-ia8rcjs194frn2h0ipdc5bkj3d080ii4.apps.googleusercontent.com",
              "client_type": 2,
              "ios_info": {
                "bundle_id": "com.example.tester"
              }
            }
          ]
        }
      }
    },
    {
      "client_info": {
        "mobilesdk_app_id": "1:19841551899:android:3afd7db45d6b1bde8e72be",
        "android_client_info": {
          "package_name": "com.example.tester"
        }
      },
      "oauth_client": [
        {
          "client_id": "19841551899-4j8l95t0t75m1j1oov0c6n5t2bmhqhfb.apps.googleusercontent.com",
          "client_type": 3
        }
      ],
      "api_key": [
        {
          "current_key": "AIzaSyBrClIl4zLg-Kc91wDf5l_Whdbv5XEUmNs"
        }
      ],
      "services": {
        "appinvite_service": {
          "other_platform_oauth_client": [
            {
              "client_id": "19841551899-4j8l95t0t75m1j1oov0c6n5t2bmhqhfb.apps.googleusercontent.com",
              "client_type": 3
            },
            {
              "client_id": "19841551899-ia8rcjs194frn2h0ipdc5bkj3d080ii4.apps.googleusercontent.com",
              "client_type": 2,
              "ios_info": {
                "bundle_id": "com.example.tester"
              }
            }
          ]
        }
      }
    },
    {
      "client_info": {
        "mobilesdk_app_id": "1:19841551899:android:578cc1a6d0f6414b8e72be",
        "android_client_info": {
          "package_name": "com.sandrakuuzume.clotheslinemobile"
        }
      },
      "oauth_client": [
        {
          "client_id": "19841551899-qiqrl3tlbgvbrfj4oc22o5qec3b0q1mc.apps.googleusercontent.com",
          "client_type": 1,
          "android_info": {
            "package_name": "com.sandrakuuzume.clotheslinemobile",
            "certificate_hash": "691c75459e64b1d59a230fb99d9dda63450c58b9"
          }
        },
        {
          "client_id": "19841551899-4j8l95t0t75m1j1oov0c6n5t2bmhqhfb.apps.googleusercontent.com",
          "client_type": 3
        }
      ],
      "api_key": [
        {
          "current_key": "AIzaSyBrClIl4zLg-Kc91wDf5l_Whdbv5XEUmNs"
        }
      ],
      "services": {
        "appinvite_service": {
          "other_platform_oauth_client": [
            {
              "client_id": "19841551899-4j8l95t0t75m1j1oov0c6n5t2bmhqhfb.apps.googleusercontent.com",
              "client_type": 3
            },
            {
              "client_id": "19841551899-ia8rcjs194frn2h0ipdc5bkj3d080ii4.apps.googleusercontent.com",
              "client_type": 2,
              "ios_info": {
                "bundle_id": "com.example.tester"
              }
            }
          ]
        }
      }
    }
  ],
  "configuration_version": "1"
}